mode,phase,elapsed_ms,heap_bytes,heap_sys_bytes,stack_bytes,rss_bytes,rss_limit_bytes,goroutines
ordinary,churn,10,51341840,53772288,753664,28516352,402653184,56
ordinary,time_wait,10567,58639256,64258048,2850816,42188800,402653184,312
ordinary,time_wait,20574,58714736,64258048,2850816,42201088,402653184,312
ordinary,time_wait,30581,58787728,64258048,2850816,42201088,402653184,312
ordinary,time_wait,40587,58856896,64258048,2850816,42201088,402653184,312
ordinary,time_wait,50593,58930048,64258048,2850816,42201088,402653184,312
ordinary,time_wait,60599,59003616,64258048,2850816,42201088,402653184,312
ordinary,time_wait,70607,59072160,64258048,2850816,42201088,402653184,312
ordinary,time_wait,80615,59145312,64258048,2850816,42201088,402653184,312
ordinary,time_wait,90621,59219088,64258048,2850816,42201088,402653184,312
ordinary,time_wait,100626,59287216,64258048,2850816,42201088,402653184,312
ordinary,time_wait,110632,59360784,64258048,2850816,42201088,402653184,312
ordinary,time_wait,120639,52462656,64225280,2883584,42217472,402653184,312
ordinary,time_wait,130647,52530920,64225280,2883584,42217472,402653184,312
ordinary,time_wait,140653,52604280,64225280,2883584,42217472,402653184,312
ordinary,time_wait,150660,52677432,64225280,2883584,42217472,402653184,312
ordinary,time_wait,160665,52746600,64225280,2883584,42217472,402653184,312
ordinary,time_wait,170672,52819544,64225280,2883584,42217472,402653184,312
ordinary,time_wait,180680,52893112,64225280,2883584,42217472,402653184,312
ordinary,time_wait,190687,52961656,64225280,2883584,42217472,402653184,312
ordinary,time_wait,200694,53034808,64225280,2883584,42217472,402653184,312
ordinary,time_wait,210702,53107752,64225280,2883584,42217472,402653184,312
ordinary,time_wait,220709,53176296,64225280,2883584,42217472,402653184,312
ordinary,time_wait,230717,53249032,64225280,2883584,42217472,402653184,312
race,churn,68,51460040,53608448,917504,154083328,536870912,56
race,time_wait,10673,96380104,100892672,3964928,380448768,536870912,312
race,time_wait,20684,96480376,100892672,3964928,392716288,536870912,312
race,time_wait,30694,96554176,100892672,3964928,399978496,536870912,312
race,time_wait,40701,96623344,100892672,3964928,417935360,536870912,312
race,time_wait,50710,96697168,100892672,3964928,431599616,536870912,312
race,time_wait,60721,96770752,100892672,3964928,434851840,536870912,312
race,time_wait,70732,96841528,100892672,3964928,438476800,536870912,312
race,time_wait,80741,96915264,100892672,3964928,238821376,536870912,312
race,time_wait,90751,96989296,100892672,3964928,239529984,536870912,312
race,time_wait,100760,97058464,100892672,3964928,242499584,536870912,312
race,time_wait,110768,97132464,100892672,3964928,243884032,536870912,312
race,time_wait,120778,97205216,100892672,3964928,244219904,536870912,312
race,time_wait,130787,52524416,100925440,3932160,244961280,536870912,312
race,time_wait,140797,52598536,100925440,3932160,245399552,536870912,312
race,time_wait,150807,52672328,100925440,3932160,245809152,536870912,312
race,time_wait,160817,52740888,100925440,3932160,245956608,536870912,312
race,time_wait,170826,52814456,100925440,3932160,244494336,536870912,312
race,time_wait,180835,52888648,100925440,3932160,244768768,536870912,312
race,time_wait,190845,52957048,100925440,3932160,244985856,536870912,312
race,time_wait,200855,53031616,100925440,3932160,245190656,536870912,312
race,time_wait,210865,53104992,100925440,3932160,245370880,536870912,312
race,time_wait,220875,53174176,100925440,3932160,245510144,536870912,312
race,time_wait,230886,53247552,100925440,3932160,245661696,536870912,312
race,time_wait,240895,53321536,100925440,3932160,246136832,536870912,312
