run_id,policy,profile,symbol,flat_pct,cumulative_pct
37697847115,full,cpu-1-full.txt,internal/runtime/syscall.Syscall6,36.98,36.98
37697847115,full,cpu-1-full.txt,runtime.memmove,2.57,2.57
37697847115,full,cpu-1-full.txt,runtime.mallocgc,1.25,5.91
37697847115,full,cpu-1-full.txt,github.com/irctrakz/wgslirp/pkg/socket.parseTCPSegment,0.24,2.57
37697847115,full,cpu-1-full.txt,fmt.Sprintf,0.06,2.15
37697847115,full,cpu-2-full.txt,internal/runtime/syscall.Syscall6,34.21,34.21
37697847115,full,cpu-2-full.txt,runtime.memmove,2.28,2.28
37697847115,full,cpu-2-full.txt,runtime.mallocgc,1.26,5.64
37697847115,full,cpu-2-full.txt,fmt.Sprintf,0.06,2.7
37697847115,full,cpu-2-full.txt,github.com/irctrakz/wgslirp/pkg/socket.parseTCPSegment,0.06,4.14
37697847115,full,cpu-3-full.txt,internal/runtime/syscall.Syscall6,36.12,36.12
37697847115,full,cpu-3-full.txt,runtime.memmove,2.35,2.35
37697847115,full,cpu-3-full.txt,runtime.mallocgc,1.32,6.2
37697847115,full,cpu-3-full.txt,github.com/irctrakz/wgslirp/pkg/socket.parseTCPSegment,0.06,4.03
37697847115,full,cpu-3-full.txt,fmt.Sprintf,0.0,2.11
37697847115,full,cpu-4-full.txt,internal/runtime/syscall.Syscall6,34.62,34.62
37697847115,full,cpu-4-full.txt,runtime.memmove,2.05,2.05
37697847115,full,cpu-4-full.txt,runtime.mallocgc,1.32,6.02
37697847115,full,cpu-4-full.txt,github.com/irctrakz/wgslirp/pkg/socket.parseTCPSegment,0.24,3.43
37697847115,full,cpu-4-full.txt,fmt.Sprintf,0.06,2.65
37697847115,full,cpu-5-full.txt,internal/runtime/syscall.Syscall6,37.39,37.39
37697847115,full,cpu-5-full.txt,runtime.memmove,2.67,2.67
37697847115,full,cpu-5-full.txt,runtime.mallocgc,1.52,5.7
37697847115,full,cpu-5-full.txt,github.com/irctrakz/wgslirp/pkg/socket.parseTCPSegment,0.061,2.91
37697847115,full,cpu-5-full.txt,fmt.Sprintf,0.0,1.7
37697847115,full,cpu-6-full.txt,internal/runtime/syscall.Syscall6,36.37,36.37
37697847115,full,cpu-6-full.txt,runtime.memmove,2.58,2.58
37697847115,full,cpu-6-full.txt,runtime.mallocgc,1.56,5.7
37697847115,full,cpu-6-full.txt,fmt.Sprintf,0.0,1.56
37697847115,full,cpu-6-full.txt,github.com/irctrakz/wgslirp/pkg/socket.parseTCPSegment,0.0,2.52
