run_id,repetition,pooling,elapsed_ms,cpu_us,allocated_bytes,allocations,gc_cycles,gc_pause_ns,heap_peak,rss_peak,heap_final,rss_final,handshakes,handshake_p50_us,handshake_p95_us,handshake_max_us,buffer_peak,host_accepted,host_empty,async_dials,bulk_bytes_each_direction,bulk_elapsed_us,bulk_mib_s_each_direction,short_requests,short_p50_us,short_p95_us,short_p99_us,short_max_us,short_last_start_us,udp_rounds,udp_p95_us,udp_p99_us,process_elapsed_ms
37693103205,1,false,11886,11857019,5225984392,14964442,57,1567697,225121328,220426240,193930064,220426240,1269,4986,10110,21477,1046175,1269,0,4,536870912,11860607,43.168,1267,11330,19868,27392,40786,11857157,1056,10941,14855,11942
37693103205,1,true,11676,11645447,4684235960,14541348,51,1378924,222613792,218476544,191849944,218476544,1261,4803,9785,21368,987603,1261,0,4,536870912,11651825,43.942,1259,10923,19357,24898,36433,11646267,1046,9873,13184,11733
37693103205,2,false,12324,12256322,5228713616,14977559,57,1634934,230398992,224759808,114373824,224759808,1303,4835,10623,37742,1031067,1303,0,8,536870912,12303005,41.616,1301,11142,22661,31416,67484,12287218,1072,11345,15882,12381
37693103205,2,true,11784,11760552,4662388096,14543228,52,1477509,227927192,222707712,180192336,222711808,1263,4818,9961,17955,1004659,1263,0,7,536870912,11762268,43.529,1261,11040,20071,25377,33895,11752439,1037,10627,15277,11840
37693103205,3,false,12171,12125399,5276340680,14974103,58,1628192,226773104,222392320,174657512,221474816,1297,4875,9682,14916,989671,1297,0,2,536870912,12145651,42.155,1295,11228,20761,25560,31618,12142566,1063,10997,14532,12228
37693103205,3,true,12136,12114409,4670429400,14557074,54,1524193,216409640,209936384,140169792,209936384,1304,5047,9471,18527,863303,1304,0,4,536870912,12110056,42.279,1302,11432,18912,25507,33711,12109506,1081,9581,13824,12193
37693103205,4,false,12136,12073388,5247167704,14971330,57,1566745,223660992,218513408,152105296,218513408,1286,4953,10604,29014,1007555,1286,0,4,536870912,12113907,42.265,1284,11221,21990,30729,50312,12105930,1057,11602,16366,12193
37693103205,4,true,11847,11827406,4663866016,14548597,51,1377494,219582848,214388736,124084952,214388736,1276,4866,9468,17615,1004243,1276,0,5,536870912,11822704,43.307,1274,11113,19446,24099,31054,11817540,1054,10854,13579,11904
37693103205,5,false,12758,12725984,5260671544,14992892,58,1683775,222134448,220200960,191985888,214777856,1341,5117,10191,30127,934047,1341,0,8,536870912,12733981,40.207,1339,11679,21822,26601,43238,12728948,1105,11759,15919,12816
37693103205,5,true,12387,12344918,4677869896,14566459,51,1703502,218946848,214163456,198345936,214163456,1312,4961,10896,20270,1008383,1312,0,9,536870912,12375104,41.373,1310,11340,21726,27417,40149,12353359,1086,10938,15142,12444
37693103205,6,false,11832,11777407,5262048112,14964678,57,1716538,224957448,220467200,149507264,220467200,1275,4836,9239,14568,1045447,1275,0,4,536870912,11806574,43.366,1273,10942,20104,23544,28081,11806296,1043,11072,14168,11888
37693103205,6,true,12775,12742917,4684677976,14572976,51,1621273,220884808,216485888,183843816,216485888,1339,5057,10696,37551,1011359,1339,0,12,536870912,12749325,40.159,1337,11626,23038,30698,51275,12748816,1095,11443,17151,12833
37694066819,1,false,12374,12356735,5251924504,14980616,59,1493228,224342800,218464256,187208088,218464256,1317,5018,9103,14940,1022235,1317,0,1,536870912,12362651,41.415,1315,11567,19499,22658,27998,12342251,1083,10399,12853,12431
37694066819,1,true,12296,12259857,4683528600,14562693,53,1403274,221588488,218267648,195578528,218267648,1323,4814,8432,13477,1003003,1323,0,4,536870912,12270868,41.725,1321,11178,19022,22822,28288,12266680,1080,10336,13375,12353
37694066819,2,false,12652,12619318,5275573760,14990384,61,1718190,221758120,216285184,143241168,216285184,1344,5055,9520,19707,921471,1344,0,5,536870912,12629492,40.54,1342,11560,19625,24491,31685,12619058,1103,10432,13929,12709
37694066819,2,true,12300,12270095,4690159928,14562266,52,1359439,214759024,210079744,167521064,210079744,1314,4854,8567,16109,1060767,1314,0,1,536870912,12278668,41.698,1312,11390,19951,25541,30373,12269807,1081,10664,13384,12357
37694066819,3,false,12615,12575455,5273786120,14988254,59,1587087,213903816,211845120,206099488,211849216,1336,5062,9144,20955,984623,1336,0,3,536870912,12589250,40.67,1334,11697,20306,23743,33676,12587089,1098,10562,14343,12671
37694066819,3,true,12664,12629713,4677733376,14572576,53,1434345,212938680,207724544,123686592,207724544,1344,5037,8908,23290,986083,1344,0,7,536870912,12642730,40.498,1342,11548,19811,25275,35139,12628964,1097,10870,15379,12721
37694066819,4,false,12744,12676753,5263021448,14995750,59,1593574,213044880,211955712,125159296,211955712,1349,5093,9512,26132,952435,1349,0,5,536870912,12718685,40.256,1347,11664,20295,24796,34937,12716321,1108,10581,13647,12801
37694066819,4,true,12635,12601952,4711433152,14570013,54,1487627,225223512,220631040,135196096,216088576,1337,5062,9520,38615,1034427,1337,0,7,536870912,12616745,40.581,1335,11586,20170,24803,43114,12602784,1090,11376,14038,12692
37694066819,5,false,13039,12988111,5274860896,15004144,58,1671449,215572784,211980288,165241800,211980288,1369,5251,9733,25495,897419,1369,0,2,536870912,13013845,39.343,1367,12008,20245,26689,39495,13007609,1123,10841,15223,13096
37694066819,5,true,13368,13323024,4682937168,14593008,54,1661169,215318440,212090880,122471680,212090880,1401,5105,10174,26038,870007,1401,0,5,536870912,13346273,38.363,1399,11806,21953,27790,42081,13336796,1130,11702,15166,13426
37694066819,6,false,13072,13026828,5280834656,15000680,61,1763912,226751528,222511104,116104560,217010176,1366,5267,9859,17240,911087,1366,0,3,536870912,13046107,39.245,1364,11962,21431,27311,33903,13043708,1107,11491,14569,13129
37694066819,6,true,13094,13061530,4677046752,14585887,52,1545538,219312672,214163456,135363648,214163456,1374,5167,9793,17195,927343,1374,0,4,536870912,13084880,39.129,1372,11875,21833,26933,36010,13060200,1126,11217,15161,13152
