run_id,repetition,pooling,syscall_flat_percent,syscall_cumulative_percent,mallocgc_flat_percent,mallocgc_cumulative_percent,tcp_encode_flat_percent,tcp_encode_cumulative_percent,socket_write_flat_percent,socket_write_cumulative_percent
37693103205,1,false,40.46,40.46,1.01,5.74,0.34,1.27,0.68,22.72
37693103205,1,true,39.16,39.16,0.77,4.73,0.086,0.6,0.34,22.03
37693103205,2,false,39.08,39.08,0.9,4.01,0.082,0.98,0.57,19.79
37693103205,2,true,38.84,38.84,0.94,5.11,0.17,1.62,0.85,19.59
37693103205,3,false,40.21,40.21,1.07,5.37,0.17,1.49,0.58,21.14
37693103205,3,true,40.94,40.94,1.08,4.88,0.0,1.32,0.41,23.33
37693103205,4,false,37.18,37.18,1.08,5.64,0.41,1.83,0.33,22.99
37693103205,4,true,40.56,40.56,0.76,5.5,0.0,1.69,0.17,21.25
37693103205,5,false,38.35,38.35,1.1,5.75,0.31,1.26,0.63,20.71
37693103205,5,true,36.53,36.53,1.14,6.17,0.081,1.14,0.41,19.81
37693103205,6,false,39.2,39.2,0.94,5.1,0.17,1.62,0.6,22.28
37693103205,6,true,38.92,38.92,0.63,4.72,0.0,1.73,0.39,18.08
37694066819,1,false,41.3,41.3,0.4,3.4,0.32,2.83,0.57,22.02
37694066819,1,true,38.73,38.73,0.82,3.68,0.0,1.88,0.57,22.14
37694066819,2,false,38.89,38.89,0.87,4.76,0.24,1.98,0.4,21.67
37694066819,2,true,38.42,38.42,1.14,5.06,0.082,2.12,0.24,21.7
37694066819,3,false,39.65,39.65,1.04,4.86,0.4,1.91,0.72,22.61
37694066819,3,true,40.13,40.13,1.11,4.36,0.079,1.19,0.32,23.95
37694066819,4,false,40.36,40.36,0.95,4.11,0.32,2.69,0.39,21.64
37694066819,4,true,38.6,38.6,0.71,6.04,0.0,1.91,0.24,21.84
37694066819,5,false,39.35,39.35,1.62,5.17,0.23,1.23,0.39,19.98
37694066819,5,true,39.47,39.47,0.53,4.21,0.0,1.28,0.38,20.15
37694066819,6,false,38.97,38.97,0.92,5.38,0.15,1.61,0.31,21.37
37694066819,6,true,40.57,40.57,0.69,4.98,0.15,1.61,0.38,21.55
