repetition,workload,pooling,elapsed_ms,cpu_us,allocated_bytes,allocations,gc_cycles,gc_pause_ns,heap_peak,rss_peak,heap_final,rss_final,handshakes,handshake_p50_us,handshake_p95_us,handshake_max_us,buffer_peak,host_accepted,host_empty,async_dials,bulk_us
1,mixed,false,10561,482748,224381080,307743,8,119723,157215296,144130048,83532632,142139392,130,332,7495,8781,525311,130,0,0,256699.5
1,mixed,true,10578,505146,215308736,300497,7,91582,147858392,144150528,147860936,144154624,130,455,6315,9150,534159,130,0,0,260628.5
1,wan,false,12244,406919,105637720,41253,5,48580,104144664,49979392,104147184,49979392,,,,,,,,,
1,wan,true,12244,376411,105605368,41208,5,50614,104138552,50020352,104141072,50020352,,,,,,,,,
2,mixed,false,10570,487576,224357488,307532,8,135784,157890648,144203776,85870528,144203776,130,455,7188,8818,489523,130,0,0,260292.0
2,mixed,true,10568,494469,215182248,300359,7,93925,148245440,137781248,148247984,137781248,130,926,6746,9595,487551,130,0,0,262165.0
2,wan,false,12249,430764,105640008,41276,5,57276,104153416,52072448,104155936,52072448,,,,,,,,,
2,wan,true,12245,453187,105605168,41207,5,54532,104137280,47886336,104139800,47886336,,,,,,,,,
3,mixed,false,10562,481054,227678568,308248,7,98120,158986352,148283392,158988896,148283392,130,849,7657,8811,558363,130,0,0,261814.0
3,mixed,true,10594,515088,213965320,300781,7,90698,148282552,139870208,146053776,139874304,130,455,7362,8905,562411,130,0,0,259197.5
3,wan,false,12255,439288,105637272,41234,5,71925,104141952,52060160,104144472,52060160,,,,,,,,,
3,wan,true,12266,397647,105603552,41179,5,48020,104134512,50016256,104137032,50016256,,,,,,,,,
