run_id,repetition,policy,cpu_us,allocated_bytes,allocations,gc_cycles,gc_pause_ns,heap_peak,rss_peak,heap_final,rss_final,process_elapsed_ms,elapsed_ms,handshakes,handshake_p50_us,handshake_p95_us,handshake_max_us,buffer_peak,host_accepted,host_empty,async_dials,bulk_bytes_each_direction,bulk_elapsed_us,bulk_mib_s_each_direction,short_requests,short_p50_us,short_p95_us,short_p99_us,short_max_us,short_last_start_us,udp_rounds,udp_p95_us,udp_p99_us
37697847115,1,off,16735485,5249481112,15093182,59,1653869,227117504,222511104,135161736,222511104,16821,16764,1557,7264,11980,23175,923307,1557,0,12,536870912,16737639,30.59,1555,17062,26202,31276,35974,16737224,1175,13508,18499
37697847115,1,full,16787371,4687119544,14671362,52,1506491,244101552,239677440,136425480,235376640,16881,16823,1561,7354,11672,23904,1004659,1561,0,14,536870912,16797710,30.48,1559,17081,26712,32085,36765,16791488,1174,13628,18415
37697847115,1,selective,16857370,4672276872,14681086,52,1470619,228204152,222760960,114747664,222760960,16938,16880,1562,7410,11593,23730,1085383,1562,0,11,536870912,16858864,30.37,1560,17159,27395,31436,35661,16838948,1163,14167,17778
37697847115,2,off,16793559,5270558048,15091205,58,1630298,226501624,222748672,182380576,222748672,16870,16811,1560,7427,12802,22657,1043555,1560,0,17,536870912,16785482,30.503,1558,17070,26865,31788,38878,16783814,1168,13676,18515
37697847115,2,full,16702457,4695291352,14673977,51,1415457,242243776,237445120,190932488,228601856,16795,16737,1565,7223,11283,20469,1039103,1565,0,19,536870912,16716200,30.629,1563,16842,26391,30756,40054,16703389,1176,13879,18478
37697847115,2,selective,16851242,4697131112,14681212,52,1473875,227893144,226992128,122009248,226992128,16936,16878,1562,7356,11916,20294,1057735,1562,0,17,536870912,16853506,30.379,1560,17158,26728,32999,39795,16847238,1177,14009,19127
37697847115,3,off,16869798,5262517504,15093990,60,1643992,222207640,216113152,169053320,216113152,16958,16901,1565,7468,12048,18362,1010531,1565,0,19,536870912,16874834,30.341,1563,17235,26085,31756,39758,16873841,1169,13323,17998
37697847115,3,full,16644337,4676469544,14669626,52,1552540,235638984,231165952,124134720,228433920,16732,16674,1560,7268,11528,22464,1008311,1560,0,14,536870912,16648249,30.754,1558,16744,24889,30359,41310,16647303,1160,13698,17452
37697847115,3,selective,16820586,4681518552,14685947,54,1473736,218617432,218480640,125649936,198950912,16913,16856,1574,7301,11405,23672,1027915,1574,0,14,536870912,16829849,30.422,1572,16851,26419,31069,36875,16827747,1181,13578,18152
37697847115,4,off,16869784,5240157960,15088936,57,1589323,225945432,222666752,185001720,222666752,16946,16888,1556,7420,12398,24503,1005771,1556,0,15,536870912,16878917,30.334,1554,17250,27277,33138,37181,16854098,1162,14422,19166
37697847115,4,full,16657936,4690878576,14677787,54,1459571,214813848,209940480,124050776,209940480,16748,16690,1569,7222,12016,20221,1008491,1569,0,14,536870912,16664906,30.723,1567,16737,24936,31267,35597,16657843,1188,13186,17909
37697847115,4,selective,16706096,4739796448,14681693,52,1460003,246160160,241557504,241362920,234893312,16807,16749,1562,7236,11497,19321,1009839,1562,0,17,536870912,16723861,30.615,1560,16867,26162,32051,37139,16718172,1164,13703,17603
37697847115,5,off,16942012,5281188168,15095996,57,1628273,237579216,233099264,198634512,229986304,17036,16978,1567,7417,12386,23766,945743,1567,0,18,536870912,16953265,30.201,1565,17260,27364,33260,36446,16941098,1174,13923,18309
37697847115,5,full,16545673,4677492392,14666794,54,1545385,227751736,222699520,179037824,222699520,16626,16568,1553,7235,11222,21666,1107215,1553,0,13,536870912,16549043,30.938,1551,16804,24977,31123,42084,16534740,1170,12974,17330
37697847115,5,selective,16780900,4669152976,14678054,52,1495501,221299880,216371200,165126560,216371200,16873,16815,1564,7328,12101,21171,1005839,1564,0,14,536870912,16790451,30.494,1562,17044,25996,31420,44911,16784156,1168,13582,17660
37697847115,6,off,16832808,5244025576,15089846,56,1573992,224225376,218451968,200230720,218451968,16928,16870,1564,7406,12089,34547,1027591,1564,0,16,536870912,16844698,30.395,1562,17102,26039,32450,48805,16842644,1167,14056,18505
37697847115,6,full,16711990,4696047304,14674355,55,1529420,220661600,213958656,164936176,213250048,16802,16745,1567,7222,11185,36605,1023427,1567,0,12,536870912,16719680,30.623,1565,16813,25790,32016,46680,16711940,1169,13624,17918
37697847115,6,selective,16807554,4685825912,14683149,53,1473779,228123920,222691328,120509096,222691328,16893,16835,1569,7392,10880,21586,1139931,1569,0,16,536870912,16809766,30.458,1567,16961,25726,32215,42438,16803815,1184,13383,17532
