run_id,repetition,policy,packet_bytes,ns_op,bytes_op,allocs_op
37697847115,1,off,40,184.0,152,5
37697847115,1,off,80,188.2,184,5
37697847115,1,off,128,193.2,232,5
37697847115,1,off,256,203.0,360,5
37697847115,1,off,511,228.9,616,5
37697847115,1,off,512,229.7,616,5
37697847115,1,off,1024,272.9,1128,5
37697847115,1,off,1380,288.8,1512,5
37697847115,1,off,8192,935.6,8296,5
37697847115,1,off,20000,1487.0,20584,5
37697847115,1,full,40,211.2,104,4
37697847115,1,full,80,212.2,104,4
37697847115,1,full,128,212.6,104,4
37697847115,1,full,256,217.6,104,4
37697847115,1,full,511,217.7,104,4
37697847115,1,full,512,215.6,104,4
37697847115,1,full,1024,223.4,104,4
37697847115,1,full,1380,225.4,104,4
37697847115,1,full,8192,333.3,104,4
37697847115,1,full,20000,1538.0,20584,5
37697847115,1,selective,40,190.3,152,5
37697847115,1,selective,80,194.7,184,5
37697847115,1,selective,128,198.8,232,5
37697847115,1,selective,256,208.9,360,5
37697847115,1,selective,511,233.5,616,5
37697847115,1,selective,512,225.9,104,4
37697847115,1,selective,1024,222.9,104,4
37697847115,1,selective,1380,222.9,104,4
37697847115,1,selective,8192,310.4,104,4
37697847115,1,selective,20000,1491.0,20584,5
37697847115,2,off,40,186.1,152,5
37697847115,2,off,80,188.8,184,5
37697847115,2,off,128,192.7,232,5
37697847115,2,off,256,205.1,360,5
37697847115,2,off,511,228.6,616,5
37697847115,2,off,512,228.3,616,5
37697847115,2,off,1024,273.3,1128,5
37697847115,2,off,1380,292.6,1512,5
37697847115,2,off,8192,935.2,8296,5
37697847115,2,off,20000,1508.0,20584,5
37697847115,2,full,40,206.9,104,4
37697847115,2,full,80,210.1,104,4
37697847115,2,full,128,210.4,104,4
37697847115,2,full,256,212.5,104,4
37697847115,2,full,511,217.6,104,4
37697847115,2,full,512,217.7,104,4
37697847115,2,full,1024,221.7,104,4
37697847115,2,full,1380,228.0,104,4
37697847115,2,full,8192,318.1,104,4
37697847115,2,full,20000,1536.0,20584,5
37697847115,2,selective,40,191.6,152,5
37697847115,2,selective,80,192.3,184,5
37697847115,2,selective,128,198.4,232,5
37697847115,2,selective,256,210.0,360,5
37697847115,2,selective,511,233.3,616,5
37697847115,2,selective,512,224.2,104,4
37697847115,2,selective,1024,245.5,104,4
37697847115,2,selective,1380,223.8,104,4
37697847115,2,selective,8192,314.8,104,4
37697847115,2,selective,20000,1533.0,20584,5
37697847115,3,off,40,188.6,152,5
37697847115,3,off,80,191.9,184,5
37697847115,3,off,128,196.9,232,5
37697847115,3,off,256,207.5,360,5
37697847115,3,off,511,232.6,616,5
37697847115,3,off,512,232.9,616,5
37697847115,3,off,1024,277.7,1128,5
37697847115,3,off,1380,294.0,1512,5
37697847115,3,off,8192,933.3,8296,5
37697847115,3,off,20000,1544.0,20584,5
37697847115,3,full,40,205.3,104,4
37697847115,3,full,80,211.8,104,4
37697847115,3,full,128,213.2,104,4
37697847115,3,full,256,215.2,104,4
37697847115,3,full,511,217.3,104,4
37697847115,3,full,512,217.6,104,4
37697847115,3,full,1024,223.5,104,4
37697847115,3,full,1380,225.2,104,4
37697847115,3,full,8192,315.6,104,4
37697847115,3,full,20000,1528.0,20584,5
37697847115,3,selective,40,189.7,152,5
37697847115,3,selective,80,193.4,184,5
37697847115,3,selective,128,197.9,232,5
37697847115,3,selective,256,210.4,360,5
37697847115,3,selective,511,234.7,616,5
37697847115,3,selective,512,221.1,104,4
37697847115,3,selective,1024,235.0,104,4
37697847115,3,selective,1380,223.4,104,4
37697847115,3,selective,8192,313.2,104,4
37697847115,3,selective,20000,1533.0,20584,5
37697847115,4,off,40,183.8,152,5
37697847115,4,off,80,187.5,184,5
37697847115,4,off,128,192.8,232,5
37697847115,4,off,256,203.9,360,5
37697847115,4,off,511,229.1,616,5
37697847115,4,off,512,227.4,616,5
37697847115,4,off,1024,271.9,1128,5
37697847115,4,off,1380,289.0,1512,5
37697847115,4,off,8192,931.6,8296,5
37697847115,4,off,20000,1494.0,20584,5
37697847115,4,full,40,208.2,104,4
37697847115,4,full,80,209.2,104,4
37697847115,4,full,128,213.1,104,4
37697847115,4,full,256,214.8,104,4
37697847115,4,full,511,217.6,104,4
37697847115,4,full,512,221.1,104,4
37697847115,4,full,1024,222.4,104,4
37697847115,4,full,1380,222.6,104,4
37697847115,4,full,8192,313.3,104,4
37697847115,4,full,20000,1513.0,20584,5
37697847115,4,selective,40,199.6,152,5
37697847115,4,selective,80,192.4,184,5
37697847115,4,selective,128,197.9,232,5
37697847115,4,selective,256,208.2,360,5
37697847115,4,selective,511,234.8,616,5
37697847115,4,selective,512,224.4,104,4
37697847115,4,selective,1024,223.1,104,4
37697847115,4,selective,1380,224.6,104,4
37697847115,4,selective,8192,311.7,104,4
37697847115,4,selective,20000,1546.0,20584,5
37697847115,5,off,40,187.8,152,5
37697847115,5,off,80,190.1,184,5
37697847115,5,off,128,192.3,232,5
37697847115,5,off,256,210.4,360,5
37697847115,5,off,511,228.4,616,5
37697847115,5,off,512,231.1,616,5
37697847115,5,off,1024,275.0,1128,5
37697847115,5,off,1380,289.9,1512,5
37697847115,5,off,8192,944.4,8296,5
37697847115,5,off,20000,1526.0,20584,5
37697847115,5,full,40,205.0,104,4
37697847115,5,full,80,211.4,104,4
37697847115,5,full,128,214.0,104,4
37697847115,5,full,256,219.3,104,4
37697847115,5,full,511,218.9,104,4
37697847115,5,full,512,217.9,104,4
37697847115,5,full,1024,223.3,104,4
37697847115,5,full,1380,227.5,104,4
37697847115,5,full,8192,314.0,104,4
37697847115,5,full,20000,1544.0,20584,5
37697847115,5,selective,40,195.4,152,5
37697847115,5,selective,80,199.6,184,5
37697847115,5,selective,128,202.8,232,5
37697847115,5,selective,256,212.9,360,5
37697847115,5,selective,511,238.7,616,5
37697847115,5,selective,512,225.6,104,4
37697847115,5,selective,1024,224.0,104,4
37697847115,5,selective,1380,225.8,104,4
37697847115,5,selective,8192,315.0,104,4
37697847115,5,selective,20000,1538.0,20584,5
37697847115,6,off,40,187.1,152,5
37697847115,6,off,80,189.5,184,5
37697847115,6,off,128,194.2,232,5
37697847115,6,off,256,205.5,360,5
37697847115,6,off,511,229.8,616,5
37697847115,6,off,512,229.7,616,5
37697847115,6,off,1024,273.3,1128,5
37697847115,6,off,1380,292.0,1512,5
37697847115,6,off,8192,936.0,8296,5
37697847115,6,off,20000,1493.0,20584,5
37697847115,6,full,40,206.8,104,4
37697847115,6,full,80,210.8,104,4
37697847115,6,full,128,213.8,104,4
37697847115,6,full,256,219.7,104,4
37697847115,6,full,511,218.4,104,4
37697847115,6,full,512,219.6,104,4
37697847115,6,full,1024,223.4,104,4
37697847115,6,full,1380,225.8,104,4
37697847115,6,full,8192,324.7,104,4
37697847115,6,full,20000,1534.0,20584,5
37697847115,6,selective,40,188.0,152,5
37697847115,6,selective,80,192.5,184,5
37697847115,6,selective,128,197.6,232,5
37697847115,6,selective,256,208.9,360,5
37697847115,6,selective,511,233.3,616,5
37697847115,6,selective,512,223.8,104,4
37697847115,6,selective,1024,223.0,104,4
37697847115,6,selective,1380,223.1,104,4
37697847115,6,selective,8192,320.0,104,4
37697847115,6,selective,20000,1522.0,20584,5
